qa_id,question,category,expected_source_id,expected_answer,acceptable_answer,difficulty,answerable,notes
QA-001,¿Qué componentes principales integra la arquitectura del Simulador Táctico Submarino?,arquitectura,DOC-001,"Integra estaciones de instructor, visualización y módulos de simulación en una arquitectura distribuida.","Debe mencionar estaciones de instructor, visualización y módulos de simulación.",media,si,Respuesta sustentada en documento técnico.
QA-002,¿Qué funciones debe representar el Simulador de Navegación y Ataque?,requisitos,DOC-002,"Debe representar navegación, detección de contactos y escenarios de entrenamiento para unidades de superficie.","Debe incluir navegación, detección de contactos y entrenamiento.",media,si,Consulta documental.
QA-003,¿Qué actividades contempla el mantenimiento preventivo de una estación de simulación?,mantenimiento,DOC-003,"Incluye inspección de conexiones, limpieza, verificación de periféricos y registro de incidencias.",Debe mencionar al menos tres actividades.,baja,si,Consulta factual.
QA-004,¿Qué se verificó durante las pruebas del sistema de comunicaciones?,pruebas,DOC-004,"Se verificó transmisión de datos, continuidad de comunicación y comportamiento ante pérdida temporal del enlace.",Debe mencionar los tres aspectos principales.,media,si,Consulta sobre resultados.
QA-005,¿Qué ventaja y qué precaución se identificaron sobre la reutilización de componentes?,lecciones_aprendidas,DOC-005,"Reduce tiempos de adquisición, pero se debe verificar la compatibilidad antes de incorporarlos al diseño.",Debe contener la ventaja y la precaución.,media,si,Pregunta de síntesis.
QA-006,¿Qué información debe documentarse para integrar la cámara termográfica?,integracion,DOC-006,"Alimentación, comunicación, montaje y procedimiento de adquisición de imágenes.",Debe mencionar las cuatro áreas.,media,si,El documento está marcado como borrador.
QA-007,¿Qué herramienta de IA está disponible en DINDES para entrenar modelos?,informacion_no_disponible,N/A,No existe información suficiente en el corpus de muestra para afirmarlo.,Debe indicar que no hay evidencia suficiente.,alta,no,Evalúa comportamiento ante información no disponible.
QA-008,¿Cuántas impresoras 3D Creality K1 están disponibles?,inventario,INV-0008,Hay 1 unidad y su estado es Operativo.,Debe indicar cantidad 1 y estado Operativo.,baja,si,Consulta estructurada de inventario.
QA-009,¿Dónde se encuentra el analizador de espectro?,inventario,INV-0004,Se encuentra en el Laboratorio RF.,Debe identificar Laboratorio RF.,baja,si,Consulta de localización.
QA-010,¿Qué componentes del inventario pueden utilizarse para procesamiento de IA?,inventario,INV-0001;INV-0002;INV-0007,"La muestra incluye estaciones de alto rendimiento, GPUs RTX 5080 y computadores embebidos Jetson Orin Nano.",Debe identificar los equipos principales relacionados con procesamiento IA.,alta,si,Consulta combinada.
